{
  "parameters": {
    "k_basal_argG": 3.3982630980328072,
    "k_basal_lacY": 7.836072179667163,
    "k_basal_fis": 6.151444090963918,
    "k_basal_lacA": 5.124467670503089,
    "k_basal_araA": 1.7151668706575363,
    "k_basal_ampE": 1.7149810927646607,
    "k_basal_modB": 0.9608516526778321,
    "k_basal_ascB": 7.184942321528816,
    "k_basal_bglF": 5.143388338052961,
    "k_basal_galK": 5.967196950491457,
    "k_basal_araC": 0.6720259304576164,
    "k_basal_aspA": 7.983920120627294,
    "k_basal_lacZ": 6.925120104631949,
    "k_basal_galM": 2.1489584213548523,
    "k_basal_malT": 1.9139323720492771,
    "k_basal_aceA": 1.9260983261167095,
    "k_basal_malE": 2.856814767356376,
    "k_basal_araE": 4.555259248635219,
    "k_basal_malF": 3.8404071425572046,
    "k_basal_araG": 2.756585241525809,
    "k_basal_aroA": 5.226093665072347,
    "k_basal_ampD": 1.5878897044657416,
    "k_basal_bglB": 2.7636366702443014,
    "k_basal_aceE": 3.3352723804553244,
    "k_basal_aceB": 4.0262224630515355,
    "k_basal_crp": 6.561062665647628,
    "k_basal_zraS": 2.0514075224412047,
    "k_basal_Fis": 4.474216747824741,
    "k_basal_lacI": 5.076375783055276,
    "k_basal_agp": 0.8712504187556885,
    "k_basal_aceF": 5.19291225575632,
    "k_basal_puuC": 1.8268910101054245,
    "k_basal_aceK": 1.0145204376012016,
    "k_basal_malK": 7.821986633062534,
    "k_basal_galE": 7.950971500564812,
    "k_basal_galT": 6.739918440713517,
    "k_basal_ansB": 2.8596763367244664,
    "k_basal_araF": 1.2657702290011066,
    "k_basal_galR": 5.783579948075425,
    "k_basal_araB": 3.9036227608739393,
    "k_basal_araJ": 1.4534429756721634,
    "k_basal_ihfB": 4.327431844926861,
    "k_basal_dcuB": 0.7783473119160274,
    "k_basal_malG": 7.517248031466204,
    "k_basal_cyaA": 2.5066553178565454,
    "k_basal_aldA": 5.616359460246628,
    "k_basal_araH": 2.914341217184302,
    "k_basal_araD": 4.519148171564751,
    "k_basal_ihfA": 4.724352184160557,
    "k_basal_ascF": 1.937266098311977,
    "k_deg_argG": 0.48631308249405136,
    "k_deg_lacY": 0.39880977051250155,
    "k_deg_fis": 0.4727745237038851,
    "k_deg_lacA": 0.452672307692442,
    "k_deg_araA": 0.3190549904649883,
    "k_deg_ampE": 0.46484340576040256,
    "k_deg_modB": 0.08982162592336378,
    "k_deg_ascB": 0.13819228808861533,
    "k_deg_bglF": 0.07035228000974214,
    "k_deg_galK": 0.19639864884346897,
    "k_deg_araC": 0.2249047803602669,
    "k_deg_aspA": 0.17210706429825318,
    "k_deg_lacZ": 0.4229318791183682,
    "k_deg_galM": 0.2105389970121152,
    "k_deg_malT": 0.17642052935932134,
    "k_deg_aceA": 0.2942132374212118,
    "k_deg_malE": 0.1134159012386432,
    "k_deg_araE": 0.41098864133931784,
    "k_deg_malF": 0.08354778965589688,
    "k_deg_araG": 0.49409912147023277,
    "k_deg_aroA": 0.39751014618349584,
    "k_deg_ampD": 0.1394220566903776,
    "k_deg_bglB": 0.052484952705621084,
    "k_deg_aceE": 0.41695764280467534,
    "k_deg_aceB": 0.3680858047314277,
    "k_deg_crp": 0.3780532256184443,
    "k_deg_zraS": 0.39707165600867556,
    "k_deg_Fis": 0.08332009328034067,
    "k_deg_lacI": 0.21130957784492266,
    "k_deg_agp": 0.10214107678630838,
    "k_deg_aceF": 0.4383965416440171,
    "k_deg_puuC": 0.3304841570724011,
    "k_deg_aceK": 0.19890411118369217,
    "k_deg_malK": 0.07860125762871065,
    "k_deg_galE": 0.189942044772048,
    "k_deg_galT": 0.1963324949120362,
    "k_deg_ansB": 0.37832278025212884,
    "k_deg_araF": 0.3369008621098459,
    "k_deg_galR": 0.44924573415934693,
    "k_deg_araB": 0.2624967163228772,
    "k_deg_araJ": 0.10381741067223577,
    "k_deg_ihfB": 0.37096015425034773,
    "k_deg_dcuB": 0.3923532718776038,
    "k_deg_malG": 0.3025747389062733,
    "k_deg_cyaA": 0.39693523097955247,
    "k_deg_aldA": 0.27220801836397585,
    "k_deg_araH": 0.28522977322189735,
    "k_deg_araD": 0.24239345826134734,
    "k_deg_ihfA": 0.061438607034842836,
    "k_deg_ascF": 0.09855114214698701,
    "V_basal_argG": 0.5785729642168356,
    "K_basal_argG": 1.6637439459066947,
    "n_basal_argG": 2.0,
    "V_basal_lacY": 1.771426727911757,
    "K_basal_lacY": 2.287402890030014,
    "n_basal_lacY": 4.0,
    "V_basal_fis": 2.011043448194543,
    "K_basal_fis": 1.4416345099938481,
    "n_basal_fis": 2.0,
    "V_basal_lacA": 1.0719954137290562,
    "K_basal_lacA": 0.37705379260622385,
    "n_basal_lacA": 4.0,
    "V_basal_araA": 2.236962332599261,
    "K_basal_araA": 2.2250760297350927,
    "n_basal_araA": 3.0,
    "V_basal_ampE": 2.5203009489110424,
    "K_basal_ampE": 1.6568286399739738,
    "n_basal_ampE": 3.0,
    "V_basal_modB": 1.6413364262072756,
    "K_basal_modB": 0.7024130055987172,
    "n_basal_modB": 3.0,
    "V_basal_ascB": 2.7082006472971707,
    "K_basal_ascB": 0.94599354831213,
    "n_basal_ascB": 4.0,
    "V_basal_bglF": 2.740228249808733,
    "K_basal_bglF": 0.9314079924352869,
    "n_basal_bglF": 2.0,
    "V_basal_galK": 1.1803306234615882,
    "K_basal_galK": 1.6896872772451332,
    "n_basal_galK": 2.0,
    "V_basal_araC": 2.5450369148062326,
    "K_basal_araC": 2.17968034148959,
    "n_basal_araC": 4.0,
    "V_basal_aspA": 0.9116396328573544,
    "K_basal_aspA": 1.4284056645635164,
    "n_basal_aspA": 3.0,
    "V_basal_lacZ": 1.0552695261768257,
    "K_basal_lacZ": 0.4756903448674704,
    "n_basal_lacZ": 4.0,
    "V_basal_galM": 0.9207276054323263,
    "K_basal_galM": 0.7031577050180615,
    "n_basal_galM": 2.0,
    "V_basal_malT": 1.509590427645102,
    "K_basal_malT": 0.3492521683506576,
    "n_basal_malT": 3.0,
    "V_basal_aceA": 2.906118237355278,
    "K_basal_aceA": 0.7790992803983374,
    "n_basal_aceA": 3.0,
    "V_basal_malE": 2.280676474811105,
    "K_basal_malE": 0.5405999388928198,
    "n_basal_malE": 2.0,
    "V_basal_araE": 1.1669525356882124,
    "K_basal_araE": 2.4462143984151017,
    "n_basal_araE": 3.0,
    "V_basal_malF": 0.582626832251371,
    "K_basal_malF": 0.9936638704613707,
    "n_basal_malF": 2.0,
    "V_basal_araG": 1.098904726667431,
    "K_basal_araG": 0.5332582058098131,
    "n_basal_araG": 3.0,
    "V_basal_aroA": 2.964126135276502,
    "K_basal_aroA": 0.7567271244764509,
    "n_basal_aroA": 4.0,
    "V_basal_ampD": 2.404049038321794,
    "K_basal_ampD": 0.7465663511825191,
    "n_basal_ampD": 4.0,
    "V_basal_bglB": 2.5078493909497395,
    "K_basal_bglB": 1.2816914592258883,
    "n_basal_bglB": 3.0,
    "V_basal_aceE": 2.083824276902237,
    "K_basal_aceE": 1.4322817733719444,
    "n_basal_aceE": 2.0,
    "V_basal_aceB": 0.8767938599135736,
    "K_basal_aceB": 1.3688571865036527,
    "n_basal_aceB": 2.0,
    "V_basal_crp": 2.6458970120342995,
    "K_basal_crp": 0.9497054819643349,
    "n_basal_crp": 4.0,
    "V_basal_zraS": 2.277873831095045,
    "K_basal_zraS": 2.0618524061213455,
    "n_basal_zraS": 4.0,
    "V_basal_Fis": 0.9359160725124787,
    "K_basal_Fis": 1.7891567976356715,
    "n_basal_Fis": 4.0,
    "V_basal_lacI": 2.8418249718418362,
    "K_basal_lacI": 0.5162981715357844,
    "n_basal_lacI": 2.0,
    "V_basal_agp": 0.7836838031014727,
    "K_basal_agp": 2.3267953220406943,
    "n_basal_agp": 3.0,
    "V_basal_aceF": 2.2394609983627056,
    "K_basal_aceF": 0.7256650501337891,
    "n_basal_aceF": 3.0,
    "V_basal_puuC": 2.955420858323589,
    "K_basal_puuC": 1.3882625499233328,
    "n_basal_puuC": 2.0,
    "V_basal_aceK": 1.1046307272511293,
    "K_basal_aceK": 0.4141363659535682,
    "n_basal_aceK": 2.0,
    "V_basal_malK": 2.751045142908326,
    "K_basal_malK": 1.6561333517285162,
    "n_basal_malK": 2.0,
    "V_basal_galE": 1.1971783814804546,
    "K_basal_galE": 1.8108230089373738,
    "n_basal_galE": 4.0,
    "V_basal_galT": 2.640810729695231,
    "K_basal_galT": 1.1303686923810372,
    "n_basal_galT": 2.0,
    "V_basal_ansB": 2.1050791153857196,
    "K_basal_ansB": 0.3935219194886123,
    "n_basal_ansB": 3.0,
    "V_basal_araF": 2.1724706367855715,
    "K_basal_araF": 1.5355792293038455,
    "n_basal_araF": 3.0,
    "V_basal_galR": 2.850333606144446,
    "K_basal_galR": 2.4394268245372297,
    "n_basal_galR": 3.0,