{
  "parameters": {
    "k_basal_argG": 0.33090508913552186,
    "k_basal_ihfA": 0.7630357298074372,
    "k_basal_ampE": 0.5989954563585539,
    "k_basal_lacA": 0.49899386314777744,
    "k_basal_aceA": 0.1670139803318274,
    "k_basal_galE": 0.166995890252152,
    "k_basal_araH": 0.0935627091261496,
    "k_basal_bglF": 0.6996321093312015,
    "k_basal_aceE": 0.5008362588074067,
    "k_basal_galT": 0.5810544333470342,
    "k_basal_malT": 0.06543837072185184,
    "k_basal_araA": 0.7774323891214958,
    "k_basal_galM": 0.6743319806003163,
    "k_basal_galK": 0.2092543330087071,
    "k_basal_araE": 0.18636872540532545,
    "k_basal_aceB": 0.18755338239007535,
    "k_basal_Fis": 0.2781816822196533,
    "k_basal_ascF": 0.44356732372417834,
    "k_basal_fis": 0.37395876398158684,
    "k_basal_ascB": 0.26842185514853145,
    "k_basal_ansB": 0.5088896710417846,
    "k_basal_crp": 0.1546203954890314,
    "k_basal_aspA": 0.2691084864014136,
    "k_basal_modB": 0.32477138247026877,
    "k_basal_ampD": 0.39205248816277694,
    "k_basal_ihfB": 0.6388819710447602,
    "k_basal_araB": 0.19975533661876982,
    "k_basal_agp": 0.43567582881020867,
    "k_basal_araF": 0.4943109266465318,
    "k_basal_lacI": 0.0848378095399983,
    "k_basal_aldA": 0.5056586389260788,
    "k_basal_araG": 0.17789309276546866,
    "k_basal_malK": 0.09878869473895964,
    "k_basal_zraS": 0.76166415294,
    "k_basal_lacY": 0.7742240248059196,
    "k_basal_araC": 0.6562980110873459,
    "k_basal_aroA": 0.27846032688002803,
    "k_basal_aceF": 0.1232540855047879,
    "k_basal_aceK": 0.5631747698841177,
    "k_basal_cyaA": 0.38011437030470097,
    "k_basal_malG": 0.1415286761335841,
    "k_basal_galR": 0.42138268258345263,
    "k_basal_araJ": 0.0757913908364138,
    "k_basal_puuC": 0.7319903015590866,
    "k_basal_bglB": 0.24408498620001268,
    "k_basal_malE": 0.5468917132654865,
    "k_basal_malF": 0.28378330706705823,
    "k_basal_araD": 0.4400510158833581,
    "k_basal_lacZ": 0.4600327095074597,
    "k_basal_dcuB": 0.1886408416441453,
    "k_deg_argG": 0.48631308249405136,
    "k_deg_ihfA": 0.39880977051250155,
    "k_deg_ampE": 0.4727745237038851,
    "k_deg_lacA": 0.452672307692442,
    "k_deg_aceA": 0.3190549904649883,
    "k_deg_galE": 0.46484340576040256,
    "k_deg_araH": 0.08982162592336378,
    "k_deg_bglF": 0.13819228808861533,
    "k_deg_aceE": 0.07035228000974214,
    "k_deg_galT": 0.19639864884346897,
    "k_deg_malT": 0.2249047803602669,
    "k_deg_araA": 0.17210706429825318,
    "k_deg_galM": 0.4229318791183682,
    "k_deg_galK": 0.2105389970121152,
    "k_deg_araE": 0.17642052935932134,
    "k_deg_aceB": 0.2942132374212118,
    "k_deg_Fis": 0.1134159012386432,
    "k_deg_ascF": 0.41098864133931784,
    "k_deg_fis": 0.08354778965589688,
    "k_deg_ascB": 0.49409912147023277,
    "k_deg_ansB": 0.39751014618349584,
    "k_deg_crp": 0.1394220566903776,
    "k_deg_aspA": 0.052484952705621084,
    "k_deg_modB": 0.41695764280467534,
    "k_deg_ampD": 0.3680858047314277,
    "k_deg_ihfB": 0.3780532256184443,
    "k_deg_araB": 0.39707165600867556,
    "k_deg_agp": 0.08332009328034067,
    "k_deg_araF": 0.21130957784492266,
    "k_deg_lacI": 0.10214107678630838,
    "k_deg_aldA": 0.4383965416440171,
    "k_deg_araG": 0.3304841570724011,
    "k_deg_malK": 0.19890411118369217,
    "k_deg_zraS": 0.07860125762871065,
    "k_deg_lacY": 0.189942044772048,
    "k_deg_araC": 0.1963324949120362,
    "k_deg_aroA": 0.37832278025212884,
    "k_deg_aceF": 0.3369008621098459,
    "k_deg_aceK": 0.44924573415934693,
    "k_deg_cyaA": 0.2624967163228772,
    "k_deg_malG": 0.10381741067223577,
    "k_deg_galR": 0.37096015425034773,
    "k_deg_araJ": 0.3923532718776038,
    "k_deg_puuC": 0.3025747389062733,
    "k_deg_bglB": 0.39693523097955247,
    "k_deg_malE": 0.27220801836397585,
    "k_deg_malF": 0.28522977322189735,
    "k_deg_araD": 0.24239345826134734,
    "k_deg_lacZ": 0.061438607034842836,
    "k_deg_dcuB": 0.09855114214698701,
    "V_basal_argG": 0.5785729642168356,
    "K_basal_argG": 1.6637439459066947,
    "n_basal_argG": 2.0,
    "V_basal_ihfA": 1.771426727911757,
    "K_basal_ihfA": 2.287402890030014,
    "n_basal_ihfA": 4.0,
    "V_basal_ampE": 2.011043448194543,
    "K_basal_ampE": 1.4416345099938481,
    "n_basal_ampE": 2.0,
    "V_basal_lacA": 1.0719954137290562,
    "K_basal_lacA": 0.37705379260622385,
    "n_basal_lacA": 4.0,
    "V_basal_aceA": 2.236962332599261,
    "K_basal_aceA": 2.2250760297350927,
    "n_basal_aceA": 3.0,
    "V_basal_galE": 2.5203009489110424,
    "K_basal_galE": 1.6568286399739738,
    "n_basal_galE": 3.0,
    "V_basal_araH": 1.6413364262072756,
    "K_basal_araH": 0.7024130055987172,
    "n_basal_araH": 3.0,
    "V_basal_bglF": 2.7082006472971707,
    "K_basal_bglF": 0.94599354831213,
    "n_basal_bglF": 4.0,
    "V_basal_aceE": 2.740228249808733,
    "K_basal_aceE": 0.9314079924352869,
    "n_basal_aceE": 2.0,
    "V_basal_galT": 1.1803306234615882,
    "K_basal_galT": 1.6896872772451332,
    "n_basal_galT": 2.0,
    "V_basal_malT": 2.5450369148062326,
    "K_basal_malT": 2.17968034148959,
    "n_basal_malT": 4.0,
    "V_basal_araA": 0.9116396328573544,
    "K_basal_araA": 1.4284056645635164,
    "n_basal_araA": 3.0,
    "V_basal_galM": 1.0552695261768257,
    "K_basal_galM": 0.4756903448674704,
    "n_basal_galM": 4.0,
    "V_basal_galK": 0.9207276054323263,
    "K_basal_galK": 0.7031577050180615,
    "n_basal_galK": 2.0,
    "V_basal_araE": 1.509590427645102,
    "K_basal_araE": 0.3492521683506576,
    "n_basal_araE": 3.0,
    "V_basal_aceB": 2.906118237355278,
    "K_basal_aceB": 0.7790992803983374,
    "n_basal_aceB": 3.0,
    "V_basal_Fis": 2.280676474811105,
    "K_basal_Fis": 0.5405999388928198,
    "n_basal_Fis": 2.0,
    "V_basal_ascF": 1.1669525356882124,
    "K_basal_ascF": 2.4462143984151017,
    "n_basal_ascF": 3.0,
    "V_basal_fis": 0.582626832251371,
    "K_basal_fis": 0.9936638704613707,
    "n_basal_fis": 2.0,
    "V_basal_ascB": 1.098904726667431,
    "K_basal_ascB": 0.5332582058098131,
    "n_basal_ascB": 3.0,
    "V_basal_ansB": 2.964126135276502,
    "K_basal_ansB": 0.7567271244764509,
    "n_basal_ansB": 4.0,
    "V_basal_crp": 2.404049038321794,
    "K_basal_crp": 0.7465663511825191,
    "n_basal_crp": 4.0,
    "V_basal_aspA": 2.5078493909497395,
    "K_basal_aspA": 1.2816914592258883,
    "n_basal_aspA": 3.0,
    "V_basal_modB": 2.083824276902237,
    "K_basal_modB": 1.4322817733719444,
    "n_basal_modB": 2.0,
    "V_basal_ampD": 0.8767938599135736,
    "K_basal_ampD": 1.3688571865036527,
    "n_basal_ampD": 2.0,
    "V_basal_ihfB": 2.6458970120342995,
    "K_basal_ihfB": 0.9497054819643349,
    "n_basal_ihfB": 4.0,
    "V_basal_araB": 2.277873831095045,
    "K_basal_araB": 2.0618524061213455,
    "n_basal_araB": 4.0,
    "V_basal_agp": 0.9359160725124787,
    "K_basal_agp": 1.7891567976356715,
    "n_basal_agp": 4.0,
    "V_basal_araF": 2.8418249718418362,
    "K_basal_araF": 0.5162981715357844,
    "n_basal_araF": 2.0,
    "V_basal_lacI": 0.7836838031014727,
    "K_basal_lacI": 2.3267953220406943,
    "n_basal_lacI": 3.0,
    "V_basal_aldA": 2.2394609983627056,
    "K_basal_aldA": 0.7256650501337891,
    "n_basal_aldA": 3.0,
    "V_basal_araG": 2.955420858323589,
    "K_basal_araG": 1.3882625499233328,
    "n_basal_araG": 2.0,
    "V_basal_malK": 1.1046307272511293,
    "K_basal_malK": 0.4141363659535682,
    "n_basal_malK": 2.0,
    "V_basal_zraS": 2.751045142908326,
    "K_basal_zraS": 1.6561333517285162,
    "n_basal_zraS": 2.0,
    "V_basal_lacY": 1.1971783814804546,
    "K_basal_lacY": 1.8108230089373738,
    "n_basal_lacY": 4.0,
    "V_basal_araC": 2.640810729695231,
    "K_basal_araC": 1.1303686923810372,
    "n_basal_araC": 2.0,
    "V_basal_aroA": 2.1050791153857196,
    "K_basal_aroA": 0.3935219194886123,
    "n_basal_aroA": 3.0,
    "V_basal_aceF": 2.1724706367855715,
    "K_basal_aceF": 1.5355792293038455,
    "n_basal_aceF": 3.0,
    "V_basal_aceK": 2.850333606144446,
    "K_basal_aceK": 2.4394268245372297,